text,label,text_length
The government should reduce taxes significantly because it will stimulate economic growth and allow businesses to thrive.,0,122
Cutting welfare programs is necessary to encourage personal responsibility and reduce dependency on the state.,0,110
A strong military is essential for national security and to protect our interests abroad.,0,89
Deregulation is crucial to promote free market competition and innovation.,0,74
Traditional family values should be upheld to maintain social order and stability.,0,82
Fiscal responsibility is important because it ensures the government lives within its means.,1,92
Balancing the budget should be a priority to avoid burdening future generations with debt.,1,90
Supporting small businesses is key to a healthy economy and job creation.,1,73
Moderate tax cuts can boost consumer spending and economic growth.,1,66
A strong emphasis on law and order is necessary to maintain public safety.,1,74
"In a balanced view, both sides of the argument suggest that economic policies should promote growth while ensuring fairness.",2,124
Effective governance requires balancing the needs of various stakeholders in society.,2,85
Public policies should be designed to address the concerns of both the affluent and the disadvantaged.,2,102
A healthy democracy values diverse perspectives and encourages open debate.,2,75
It is important to consider the long-term impact of policy decisions on all citizens.,2,85
Social programs are essential because they provide a safety net for the most vulnerable members of society.,3,107
Investing in education and healthcare is crucial for a more equitable society.,3,78
Moderate regulation is necessary to protect consumers and the environment.,3,74
Progressive tax policies can help reduce income inequality and fund essential public services.,3,94
A balanced approach to immigration can benefit the economy and enrich cultural diversity.,3,89
We need to significantly increase social spending because it will reduce poverty and improve quality of life for all.,4,117
"Universal healthcare is a fundamental right that should be accessible to everyone, regardless of income.",4,104
Aggressive action is required to combat climate change and protect the environment.,4,83
We should raise the minimum wage to ensure that all workers earn a living wage.,4,79
Expanding civil rights protections is essential to ensure equality and justice for all individuals.,4,99
The free market should be the primary driver of economic decisions to maximize efficiency and innovation.,0,105
Lowering corporate taxes will encourage businesses to reinvest in the economy and create jobs.,0,94
Government intervention in the market should be minimal to allow for natural economic cycles.,0,93
Reducing the size of government is necessary to limit overreach and preserve individual freedoms.,0,97
A strong national defense budget ensures our country remains a global leader.,0,77
Maintaining a balanced budget is crucial to avoid excessive national debt and inflation.,1,88
Moderate fiscal policies can support sustainable economic growth without excessive government spending.,1,103
Supporting law enforcement agencies is key to maintaining community safety and order.,1,85
Tax incentives for businesses can spur investment and economic expansion.,1,73
Efficient government spending is necessary to maximize the impact of taxpayer dollars.,1,86
Informed public discourse requires considering both the potential benefits and drawbacks of policy proposals.,2,109
Effective policy-making involves weighing short-term gains against long-term consequences.,2,90
A fair economic system requires addressing both wealth creation and wealth distribution.,2,88
Balanced immigration policies should enhance economic growth while protecting national interests.,2,97
Sound environmental policies should balance economic growth with ecological sustainability.,2,91
Public investment in infrastructure is essential for long-term economic growth and stability.,3,93
Expanding access to affordable housing is key to reducing homelessness and economic inequality.,3,95
Moderate social policies can enhance community welfare without excessive government intervention.,3,97
Public education funding is critical for creating equal opportunities for all students.,3,87
Ensuring fair wages through legislation can help reduce economic disparities.,3,77
Increasing public health funding will improve healthcare outcomes and reduce long-term costs.,4,93
Investment in renewable energy is essential to reduce reliance on fossil fuels and combat climate change.,4,105
Expanding social security benefits can provide better support for the elderly and disabled.,4,91
Implementing universal pre-K education will support early childhood development and future success.,4,99
Strengthening labor rights is necessary to protect workers and promote fair employment practices.,4,97
Reducing barriers to higher education is crucial for increasing access to economic opportunities.,4,97
Expanding public transportation networks can reduce traffic congestion and lower carbon emissions.,4,98
Enhancing mental health services is essential to address growing public health needs.,4,85
Government subsidies for renewable energy can accelerate the transition to a green economy.,4,91
Increasing funding for public health initiatives will improve national health and safety.,4,89
Tax cuts for high-income earners will stimulate investment and economic growth.,0,79
Reducing government spending on social programs will encourage personal responsibility and self-reliance.,0,105
A robust national defense is essential to deter potential threats and maintain global stability.,0,96
Free market principles should guide economic policy to promote innovation and efficiency.,0,89
Lowering taxes on businesses will lead to job creation and economic expansion.,0,78
Encouraging private sector solutions is key to addressing economic challenges effectively.,1,90
A moderate approach to fiscal policy can balance economic growth with responsible spending.,1,91
Supporting community policing initiatives will enhance public safety and trust.,1,79
Tax credits for research and development can drive technological advancements.,1,78
Promoting energy independence through domestic production is vital for national security.,1,89
A well-rounded policy debate should consider both economic efficiency and social equity.,2,88
Effective legislation requires balancing economic incentives with regulatory safeguards.,2,88
Inclusive policy-making should address the needs of both urban and rural communities.,2,85
Balancing economic growth with environmental protection is crucial for sustainable development.,2,95
Constructive political discourse should embrace a variety of perspectives to find common ground.,2,96
Investing in public health infrastructure is essential to prepare for future health crises.,3,91
Promoting renewable energy adoption can reduce carbon emissions and foster economic growth.,3,91
Moderate labor regulations can protect workers' rights without stifling business innovation.,3,92
Expanding public health insurance options can improve healthcare accessibility.,3,79
Public investments in technology infrastructure can boost economic competitiveness.,3,83
Increasing minimum wage standards can help reduce poverty and boost consumer spending.,4,86
Promoting diversity and inclusion in the workplace is essential for social and economic progress.,4,97
Implementing progressive taxation can fund essential public services and reduce inequality.,4,91
Strengthening climate change policies is necessary to protect the environment and public health.,4,96
Expanding educational opportunities for underrepresented groups is key to social equity.,4,88
Providing universal childcare can support working families and promote gender equality.,4,87
Enhancing social safety nets can reduce poverty and provide economic security for all.,4,86
Subsidizing clean energy technologies can accelerate the transition to a sustainable economy.,4,93
Promoting affordable housing initiatives is crucial to address homelessness and housing insecurity.,4,99
Investing in mental health services is essential for comprehensive healthcare.,4,78
Reducing corporate taxes will increase business investment and job creation.,0,76
Minimal government intervention in the economy is crucial for fostering innovation and growth.,0,94
Privatizing public services can lead to more efficient and cost-effective solutions.,0,84
A strong military presence deters adversaries and safeguards national interests.,0,80
Deregulation helps eliminate unnecessary burdens on businesses spurring economic activity.,0,90
Tax relief for high-income earners can lead to greater investment in the economy.,0,81
Encouraging competition through deregulation can lower prices and improve quality.,0,82
Traditional values are essential for maintaining a cohesive and stable society.,0,79
Reducing government debt is critical to prevent economic instability and inflation.,0,83
Empowering states with more control can lead to more effective and tailored governance.,0,87
Maintaining a balanced budget is essential for sustainable economic policy.,1,75
Tax incentives for small businesses can boost local economies and job creation.,1,79
Moderate regulatory policies can protect consumers without stifling innovation.,1,79
Supporting infrastructure development is key to economic growth and efficiency.,1,79
A balanced approach to immigration can benefit both the economy and social cohesion.,1,84
Encouraging public-private partnerships can enhance infrastructure and public services.,1,87
Moderate fiscal policies help maintain economic stability and growth.,1,69
Ensuring public safety through effective law enforcement is crucial for community well-being.,1,93
Promoting energy independence can enhance national security and economic stability.,1,83
Tax deductions for charitable donations encourage philanthropy and community support.,1,85
Effective policy-making should balance economic benefits with environmental sustainability.,2,91
Inclusive economic policies should address both growth and equity.,2,66
Balancing short-term economic gains with long-term sustainability is essential.,2,79
A comprehensive approach to policy-making should consider diverse stakeholder interests.,2,88
Promoting bipartisan solutions can lead to more balanced and effective policies.,2,80
Effective governance requires balancing individual freedoms with social responsibilities.,2,89
A balanced approach to economic policy should consider both growth and fairness.,2,80
Inclusive policies should ensure equitable opportunities for all citizens.,2,74
Considering the environmental impact is essential for sustainable economic policies.,3,84
A balanced view on healthcare should consider both cost and accessibility.,2,74
Investing in renewable energy is crucial for a sustainable future and economic growth.,3,86
Expanding access to higher education can reduce inequality and boost economic mobility.,3,87
Moderate environmental regulations can protect natural resources while supporting economic growth.,3,98
Public investment in healthcare can lead to a healthier more productive population.,3,83
Supporting clean energy initiatives can reduce environmental impact and create jobs.,3,84
Public funding for research and development can drive innovation and economic progress.,3,87
Expanding social welfare programs can provide a safety net for the most vulnerable.,3,83
Moderate increases in the minimum wage can improve living standards without harming employment.,3,95
Investing in public education is key to fostering a skilled and competitive workforce.,3,86
Supporting affordable housing initiatives can reduce homelessness and economic disparity.,3,89
Increasing public funding for mental health services is essential for comprehensive healthcare.,4,95
Promoting renewable energy through subsidies can accelerate the transition to a green economy.,4,94
Expanding healthcare coverage is essential for ensuring all citizens have access to medical care.,4,97
Implementing progressive tax reforms can reduce inequality and fund public services.,4,84
Strengthening labor rights protections is necessary for fair and equitable employment.,4,86
Providing universal basic income can reduce poverty and economic insecurity.,4,76
Increasing funding for public transportation can reduce traffic congestion and emissions.,4,89
Promoting equal opportunities in education is essential for social and economic justice.,4,88
Supporting green technology development is crucial for a sustainable future.,4,76
Expanding civil liberties protections ensures equality and justice for all individuals.,4,87
Lowering taxes on capital gains will encourage investment and economic growth.,0,78
Reducing government oversight in businesses will lead to a more dynamic economy.,0,80
Privatizing healthcare can lead to more efficient and innovative services.,0,74
A strong military ensures national security and supports global stability.,0,74
Reducing regulations on small businesses can spur entrepreneurship and job creation.,0,84
Tax cuts for corporations will result in increased economic activity and job opportunities.,0,91
Promoting free trade can enhance economic growth and consumer choice.,0,69
Traditional family structures are fundamental for societal stability and well-being.,0,84
Limiting government spending is crucial to prevent inflation and economic downturns.,0,84
Empowering local governments can lead to more responsive and effective policies.,0,80
Maintaining a surplus budget is important to prepare for future economic challenges.,1,84
Providing tax incentives for renewable energy can drive innovation and sustainability.,1,86
Balanced immigration policies should enhance economic growth while maintaining security.,1,88
Supporting small and medium-sized enterprises is key to a resilient economy.,1,76
A moderate approach to social policies can balance welfare and economic efficiency.,1,83
Promoting vocational training can help address skill gaps and boost employment.,1,79
Moderate fiscal policies can ensure economic growth and stability.,1,66
Investing in cybersecurity is essential to protect national interests and infrastructure.,1,89
Supporting agricultural subsidies can help stabilize food prices and support farmers.,1,85
Encouraging technological innovation is key to maintaining economic competitiveness.,1,84
Effective policy-making should consider both economic growth and social equity.,2,79
Inclusive governance requires balancing the needs of various demographic groups.,2,80
Balancing economic policies should include considerations for both growth and sustainability.,2,93
A fair policy approach should address both urban and rural community needs.,2,75
Promoting civil discourse is essential for effective and inclusive policy-making.,2,81
Balanced economic policies should consider both short-term and long-term impacts.,2,81
Effective governance requires balancing economic growth with environmental conservation.,2,88
Inclusive education policies should address disparities and promote equal opportunities.,2,88
Balanced healthcare policies should consider both accessibility and cost efficiency.,2,84
Sustainable economic policies should balance growth with environmental impact.,2,78
Investing in public transportation can reduce pollution and improve mobility.,3,77
Expanding access to affordable healthcare is crucial for a healthy society.,3,75
Moderate environmental policies can support economic growth and protect natural resources.,3,90
Public investment in education is key to long-term economic prosperity.,3,71
Promoting clean energy can reduce environmental impact and enhance energy security.,3,83
Supporting public health initiatives can improve community health and reduce healthcare costs.,3,94
Expanding affordable housing can reduce economic inequality and homelessness.,3,77
Moderate increases in social welfare can support vulnerable populations without excessive spending.,3,99
Investing in digital infrastructure can boost economic growth and connectivity.,3,79
Public funding for the arts can enhance cultural richness and community engagement.,3,83
Increasing renewable energy subsidies can accelerate the transition to a sustainable economy.,4,93
Promoting healthcare reform is essential to ensure universal access to medical services.,4,88
Implementing progressive tax policies can fund public services and reduce income inequality.,4,92
Strengthening worker protections is necessary to ensure fair labor practices and economic justice.,4,98
Increasing funding for green technologies can drive innovation and combat climate change.,4,89
Supporting public health campaigns is essential for preventing disease and promoting wellness.,4,94
Expanding educational funding is crucial for ensuring equal opportunities for all students.,4,91
Promoting affordable healthcare initiatives is key to reducing medical costs and improving access.,4,98
Strengthening environmental regulations is necessary to protect natural resources and public health.,4,100
Economic policies should promote both growth and fairness to ensure balanced development.,2,89
Effective governance balances economic growth with social responsibility.,2,73
Policies should aim for a fair distribution of resources to benefit all citizens.,2,81
A balanced approach to taxation should consider both revenue needs and economic impact.,2,87
Public policies should address the needs of both the affluent and the disadvantaged.,2,84
Balanced economic policies should focus on both growth and equitable distribution.,2,82
Effective policy-making requires considering diverse perspectives and interests.,2,80
A balanced view on healthcare should weigh both accessibility and affordability.,2,80
Policies should aim to balance environmental sustainability with economic growth.,2,81
Inclusive governance should consider the interests of all demographic groups.,2,77
Economic policies should ensure both competitiveness and social equity.,2,71
Balanced regulations should protect consumers without stifling innovation.,2,74
Effective policy-making balances economic incentives with environmental protections.,2,84
Governance should aim to balance individual freedoms with community welfare.,2,76
A balanced approach to trade policies should consider both domestic and global impacts.,2,87
Policies should promote both technological innovation and job security.,2,71
Effective economic policies balance short-term gains with long-term stability.,2,78
A balanced view on immigration should consider both economic benefits and social integration.,2,93
Policies should ensure both economic efficiency and social justice.,2,67
Balanced governance should address both current needs and future sustainability.,2,80
Public investment should balance economic growth with environmental conservation.,2,81
Effective policies should balance economic development with quality of life.,2,76
A balanced approach to education funding should promote both access and quality.,2,80
Policies should aim for economic growth that is both inclusive and sustainable.,2,79
Governance should balance fiscal responsibility with social welfare.,2,68
A balanced approach to healthcare should ensure both quality and affordability.,2,79
Policies should address both economic disparities and opportunities for growth.,2,79
Effective governance balances economic priorities with social justice.,2,70
A balanced approach to regulation should protect public interests without hindering progress.,2,93
Policies should promote both economic dynamism and social stability.,2,68
Balanced governance should ensure both economic resilience and environmental health.,2,84
Economic policies should aim for both growth and income equality.,2,65
A balanced view on energy policy should consider both sustainability and affordability.,2,87
Governance should balance economic development with cultural preservation.,2,74
Policies should promote both competitive markets and consumer protections.,2,74
Effective policy-making requires balancing economic efficiency with ethical considerations.,2,91
A balanced approach to labor policies should ensure both productivity and worker rights.,2,88
Governance should balance technological advancement with societal well-being.,2,77
Economic policies should promote both innovation and economic security.,2,71
A balanced view on fiscal policy should consider both growth and equity.,2,72
Policies should aim to balance economic opportunity with environmental stewardship.,2,83
Effective governance balances market freedom with regulatory safeguards.,2,72
A balanced approach to social policies should ensure both economic and social benefits.,2,87
Policies should promote both fiscal discipline and social investment.,2,69
Governance should balance economic goals with public health priorities.,2,71
A balanced approach to economic reform should consider both efficiency and equity.,2,82
Policies should address both economic challenges and opportunities for inclusion.,2,81
Effective governance balances economic growth with human rights protections.,2,76
A balanced view on public spending should consider both economic and social outcomes.,2,85
Governance should aim to balance innovation with traditional values.,2,68
Moderate tax policies should aim to stimulate growth while ensuring fairness.,1,77
Balancing budget priorities requires careful consideration of both fiscal discipline and social needs.,1,102
Supporting clean energy development can enhance economic growth while protecting the environment.,1,97
Moderate regulation can ensure market stability without stifling innovation.,1,76
Investing in education is crucial for long-term economic prosperity and social equity.,1,86
Balancing law enforcement with community engagement can enhance public safety and trust.,1,88
Moderate healthcare reforms should focus on improving access and controlling costs.,1,83
Supporting infrastructure development is key to economic growth and quality of life.,1,84
Balanced immigration policies can boost the economy while ensuring security.,1,76
Moderate fiscal policies can promote sustainable growth without excessive government intervention.,1,98
Encouraging small business development can spur local economic growth.,1,70
Moderate approaches to social programs can provide support without encouraging dependency.,1,90
Balanced energy policies should promote both sustainability and economic viability.,1,83
Supporting vocational training can address skill gaps and enhance employment opportunities.,1,91
Moderate tax incentives can stimulate investment without significantly reducing government revenue.,1,99
Promoting renewable energy can balance economic growth with environmental stewardship.,1,86
Balanced labor policies should protect worker rights while encouraging productivity.,1,84
Moderate social policies can enhance welfare without burdening the economy.,1,75
Encouraging technological innovation can drive economic growth and improve quality of life.,1,91
Moderate increases in public spending can support growth while maintaining fiscal responsibility.,1,97
Balanced trade policies should promote economic growth while protecting domestic industries.,1,92
Supporting research and development can drive innovation and economic competitiveness.,1,86
Moderate environmental regulations can protect resources while supporting economic growth.,1,90
Balanced healthcare policies should ensure quality care while controlling costs.,1,80
Encouraging public-private partnerships can enhance infrastructure and services.,1,80
Moderate education policies should promote both access and quality.,1,67
Supporting moderate increases in minimum wage can boost income without harming employment.,1,90
Balanced approaches to public safety should consider both enforcement and prevention.,1,85
Encouraging investment in technology can enhance productivity and economic growth.,1,82
Moderate public health policies should promote wellness while controlling expenditures.,1,87
Balanced tax policies should consider both revenue needs and economic impact.,1,77
Encouraging energy efficiency can reduce costs and environmental impact.,1,72
Moderate social welfare policies should support those in need while encouraging self-sufficiency.,1,97
Balanced fiscal policies should ensure economic stability and growth.,1,69
Supporting moderate labor reforms can protect workers while enhancing economic flexibility.,1,91
Moderate regulatory policies can protect consumers without hindering business innovation.,1,89
Balanced education funding should support both public and private institutions.,1,79
Encouraging sustainable agriculture can enhance food security and economic growth.,1,82
Moderate healthcare reforms should balance cost control with quality improvement.,1,81
Supporting renewable energy research can drive innovation and environmental benefits.,1,85
Balanced economic policies should promote growth and reduce inequality.,1,71
Encouraging moderate increases in public investment can stimulate growth.,1,73
Moderate tax reforms should aim to simplify the system while ensuring fairness.,1,79
Balanced approaches to social services should ensure support without excessive spending.,1,88
Supporting moderate fiscal discipline can enhance economic resilience.,1,70
Encouraging balanced urban development can enhance economic and social outcomes.,1,80
Moderate transportation policies should promote efficiency and sustainability.,1,78
Balanced economic strategies should consider both growth and social equity.,1,75
Supporting moderate innovation policies can drive progress without significant risk.,1,84
Moderate public safety reforms should balance enforcement with community relations.,1,83
Economic policies should aim for growth while ensuring equitable opportunities for all.,2,87
Balanced governance should consider both economic efficiency and social justice.,2,80
Public policies should promote both individual freedom and community welfare.,2,77
Effective policy-making requires balancing economic growth with social equity.,2,78
Governance should aim to balance market dynamics with regulatory safeguards.,2,76
Economic development should be pursued while ensuring environmental sustainability.,2,83
Balanced public spending should address both current needs and future challenges.,2,81
Policy decisions should weigh both economic benefits and social impacts.,2,72
Inclusive governance requires considering diverse perspectives and interests.,2,77
Economic policies should balance growth with fair distribution of resources.,2,76
Effective governance should address both economic opportunities and social disparities.,2,87
Balanced regulation should protect consumers while fostering innovation.,2,72
Governance should aim for both fiscal responsibility and social welfare.,2,72
Economic policies should support growth while promoting environmental conservation.,2,83
Public policies should balance economic development with quality of life improvements.,2,86
Balanced governance should consider both short-term gains and long-term sustainability.,2,87
Economic strategies should promote both competitiveness and social inclusion.,2,77
Public investment should balance economic growth with community benefits.,2,73
Effective policies should address both economic challenges and social needs.,2,76
Governance should balance economic freedom with public welfare.,2,63
Economic policies should support innovation while ensuring equitable outcomes.,2,78
Balanced public policies should consider both economic and environmental impacts.,2,81
Governance should aim to balance economic growth with equitable resource distribution.,2,86
Economic development should promote both progress and sustainability.,2,69
Effective policy-making should address both market efficiency and social equity.,2,80
Economic policies should ensure growth while promoting fair opportunities for all.,2,82
Balanced governance should focus on both economic vitality and social justice.,2,78
Public policies should balance economic interests with public health considerations.,2,84
Economic strategies should ensure both growth and equitable wealth distribution.,2,80
Governance should aim to balance technological advancement with social responsibility.,2,86
Economic policies should promote innovation while ensuring fair access to opportunities.,2,88
Balanced public spending should address both infrastructure needs and social programs.,2,86
Governance should balance economic incentives with regulatory protections.,2,74
Economic policies should support growth while addressing social inequalities.,2,77
Effective governance should promote both economic dynamism and social welfare.,2,78
Economic strategies should focus on both competitiveness and equitable growth.,2,78
Governance should balance market freedoms with social safety nets.,2,66
Economic policies should ensure growth while promoting environmental responsibility.,2,84
Balanced public policies should consider both economic development and social justice.,2,86
Governance should aim to balance economic progress with community well-being.,2,77
Economic strategies should promote both innovation and social equity.,2,69
Public policies should balance economic growth with public interest protections.,2,80
Governance should balance technological progress with ethical considerations.,2,77
Economic policies should support competitiveness while promoting social inclusion.,2,82
Balanced public spending should consider both economic benefits and social impacts.,2,83
Governance should aim to balance economic growth with environmental sustainability.,2,83
Economic strategies should ensure both progress and equitable opportunities.,2,76
Public policies should promote both economic efficiency and social justice.,2,75
Investing in renewable energy can drive economic growth and environmental sustainability.,3,89
Expanding access to education is crucial for reducing social inequalities.,3,74
Moderate social policies should enhance welfare while promoting economic growth.,3,80
Supporting public health initiatives can improve overall quality of life.,3,73
Moderate tax reforms can support economic growth and reduce income inequality.,3,78
Public investment in green technology can boost economic competitiveness.,3,73
Expanding affordable healthcare is essential for social and economic well-being.,3,80
Moderate increases in social welfare can reduce poverty without excessive spending.,3,83
Investing in public education is key to fostering equal opportunities.,3,70
Supporting renewable energy initiatives can drive sustainable economic growth.,3,78
Moderate environmental policies can protect resources while supporting economic growth.,3,87
Expanding access to affordable housing can reduce economic disparities.,3,71
Moderate healthcare reforms can improve access while controlling costs.,3,71
Public investment in infrastructure can enhance economic efficiency and social equity.,3,86
Supporting clean energy development is crucial for long-term sustainability.,3,76
Expanding social programs can provide a safety net for vulnerable populations.,3,78
Moderate regulation can protect consumers while fostering economic innovation.,3,78
Investing in public health can lead to a healthier and more productive society.,3,79
Supporting vocational training can boost employment and economic mobility.,3,74
Moderate increases in public spending can stimulate economic growth and social welfare.,3,87
Promoting green energy technologies can enhance economic growth and environmental protection.,3,93
Expanding public transportation can reduce traffic congestion and promote sustainability.,3,89
Moderate tax incentives can encourage investment in renewable energy.,3,69
Supporting public-private partnerships can enhance infrastructure and social services.,3,86
Investing in mental health services is essential for comprehensive healthcare.,3,78
Moderate increases in minimum wage can improve living standards and boost the economy.,3,86
Promoting affordable healthcare is key to reducing medical costs and improving access.,3,86
Expanding access to quality education can reduce social and economic disparities.,3,81
Supporting public health campaigns can improve community health and well-being.,3,79
Investing in renewable energy research can drive innovation and sustainability.,3,79
Moderate increases in social spending can reduce poverty and enhance economic stability.,3,88
Promoting equal opportunities in education is essential for social equity.,3,74
Supporting green infrastructure projects can enhance economic and environmental outcomes.,3,89
Expanding civil rights protections is essential for ensuring social justice.,4,76
Implementing progressive tax policies can fund essential public services.,4,73
Strengthening labor rights can promote fair employment practices and economic justice.,4,86
Providing universal basic income can reduce economic insecurity and poverty.,4,76
Increasing public funding for green technology can drive innovation and sustainability.,4,87
Supporting universal healthcare ensures all citizens have access to medical care.,4,81
Expanding public health initiatives is crucial for comprehensive healthcare.,4,76
Promoting affordable housing policies can reduce homelessness and economic disparity.,4,85
Implementing renewable energy subsidies can accelerate the transition to a green economy.,4,89
Supporting public health reforms is essential for improving healthcare outcomes.,4,80
Expanding access to higher education is key to reducing social inequalities.,4,76
Strengthening environmental regulations is necessary to protect public health and natural resources.,4,100
Promoting social welfare programs can reduce poverty and improve quality of life.,4,81
Implementing progressive labor policies can ensure fair wages and worker protections.,4,85
Supporting public transportation initiatives can reduce emissions and improve mobility.,4,87
Expanding public health coverage can reduce medical costs and improve access.,4,77
Promoting green energy policies is essential for environmental sustainability.,4,78
Strengthening civil liberties protections is crucial for ensuring equality and justice.,4,87
Providing universal pre-K education can support early childhood development.,4,76
Increasing funding for mental health services is essential for public health.,4,77
Supporting public health campaigns is crucial for disease prevention and wellness.,4,82
Expanding educational funding is key to ensuring equal opportunities for all students.,4,86
Promoting affordable healthcare initiatives can reduce medical costs and improve access.,4,88
Supporting renewable energy research is essential for a sustainable future.,4,75
Providing universal childcare can support working families and promote equality.,4,80
Strengthening climate policies is crucial to combat global warming and protect the environment.,4,95
Increasing funding for public transportation can enhance mobility and reduce emissions.,4,87
Supporting green technology development is crucial for a sustainable economy.,4,77
Expanding civil liberties protections ensures equality and justice for all.,4,75
Reducing taxes on high-income earners will stimulate investment and job creation.,0,81
Minimal government regulation is essential for a thriving free market economy.,0,78
Lowering corporate taxes will lead to increased economic activity and employment.,0,81
Privatizing public services can lead to greater efficiency and cost savings.,0,76
A strong military budget is necessary to maintain national security and global influence.,0,89
Reducing welfare programs will encourage personal responsibility and economic independence.,0,91
Deregulation of industries promotes competition and innovation.,0,63
Lowering capital gains taxes will boost investment and economic growth.,0,71
A limited government ensures individual freedoms and economic prosperity.,0,73
Promoting traditional values is essential for maintaining social order.,0,71
Cutting government spending will reduce the national debt and stimulate the economy.,0,84
Reducing corporate tax rates will make the economy more competitive globally.,0,77
A free market economy is the best way to ensure economic growth and innovation.,0,79
Lowering income taxes will increase disposable income and boost consumer spending.,0,82
Minimal state intervention is key to preserving individual liberties and economic freedom.,0,90
Reducing regulations on businesses will enhance economic growth and job creation.,0,81
Lowering taxes on businesses will spur investment and create jobs.,0,66
A strong national defense is crucial for protecting the nation's interests.,0,75
Reducing government oversight will promote business innovation and efficiency.,0,78
Encouraging private sector solutions can lead to more effective and efficient public services.,0,94
Maintaining a balanced budget is essential for economic stability and growth.,1,77
Moderate tax cuts can stimulate economic growth without compromising public services.,1,85
Supporting small businesses is key to economic resilience and job creation.,1,75
Fiscal responsibility ensures sustainable government spending and economic stability.,1,85
Promoting energy independence can enhance national security and economic growth.,1,80
Moderate regulatory policies can protect consumers while fostering economic growth.,1,83
Encouraging public-private partnerships can enhance infrastructure development.,1,79
Balancing the budget should be a priority to ensure long-term economic health.,1,78
Supporting moderate tax reforms can enhance economic efficiency.,1,64
Promoting vocational training can address skill gaps and boost employment.,1,74
Moderate healthcare reforms can improve access while maintaining fiscal responsibility.,1,87
Supporting infrastructure investment is crucial for economic growth and efficiency.,1,83
Moderate increases in public spending can support essential services and stimulate growth.,1,90
Promoting balanced trade policies can enhance economic growth and competitiveness.,1,82
Moderate fiscal policies can support economic stability and growth.,1,67
Supporting community policing can enhance public safety and trust.,1,66
Encouraging energy efficiency can reduce costs and enhance economic resilience.,1,79
Moderate social policies can enhance welfare without excessive government intervention.,1,87
Balancing economic growth with fiscal responsibility is essential for long-term prosperity.,1,91
Supporting moderate environmental regulations can protect resources without stifling growth.,1,92
Moderate tax policies should balance revenue generation with economic growth.,1,77
Supporting innovation through moderate regulation can enhance economic development.,1,83
Fiscal responsibility involves managing government spending while promoting growth.,1,83
Balanced trade policies should consider both domestic industry protection and global competitiveness.,1,101
Encouraging energy independence through diverse energy sources can enhance security.,1,84
Promoting vocational education can help align workforce skills with industry needs.,1,83
Moderate tax incentives can support small business growth without reducing revenue.,1,83
Balanced public policies should consider both economic efficiency and social welfare.,1,85
Supporting technological advancements through moderate regulation can boost economic growth.,1,92
Moderate environmental policies should protect natural resources while supporting economic activity.,1,100
Encouraging infrastructure development can enhance economic resilience and efficiency.,1,86
Moderate fiscal policies can promote economic stability and sustainable growth.,1,79
Supporting balanced labor regulations can protect workers while encouraging job creation.,1,89
Moderate social programs should provide safety nets without creating dependency.,1,80
Promoting moderate tax cuts can stimulate consumer spending and economic expansion.,1,83
Balanced economic policies should aim to enhance growth while ensuring fairness.,1,80
Supporting public-private partnerships can drive innovation in public services.,1,79
Moderate increases in minimum wage can improve living standards without harming employment.,1,91
Encouraging sustainable practices through moderate regulation can benefit the economy.,1,86
Balanced fiscal discipline is crucial for long-term economic health and stability.,1,82
Supporting moderate public investment can stimulate growth and enhance quality of life.,1,87
Moderate healthcare policies should ensure accessibility while controlling public spending.,1,91
Encouraging technological innovation with balanced policies can drive economic progress.,1,88
Moderate energy policies should promote efficiency and sustainability.,1,70
Supporting moderate increases in infrastructure spending can enhance economic growth.,1,85
Balanced economic strategies should focus on both growth and social equity.,1,75
Promoting moderate tax reforms can simplify the system and improve efficiency.,1,78
Moderate public health policies should focus on prevention and cost-effective care.,1,83
Moderate transportation policies should improve efficiency and reduce environmental impact.,1,91
Supporting balanced education funding can promote equal opportunities and economic growth.,1,90
Moderate increases in renewable energy investment can enhance sustainability.,1,77
Encouraging moderate economic reforms can enhance competitiveness and inclusivity.,1,82
Balanced fiscal policies should support both economic dynamism and social stability.,1,84
Supporting moderate innovation policies can drive technological advancement and economic growth.,1,96
Encouraging balanced economic policies can enhance growth while reducing inequality.,1,84
Supporting moderate increases in social investment can reduce disparities and promote stability.,1,96
Balanced healthcare strategies should consider both public health outcomes and economic sustainability.,1,103
Moderate regulatory policies should ensure market stability and consumer protection.,1,84
Promoting balanced environmental regulations can protect ecosystems and support economic activity.,1,98
Moderate fiscal strategies should aim to balance growth with responsible spending.,1,82
Encouraging moderate public investment in technology can drive innovation and economic progress.,1,96
Balanced economic policies should aim to enhance both competitiveness and social equity.,1,88
Supporting moderate public health initiatives can improve wellness and economic productivity.,1,93
Moderate tax policies should aim to enhance revenue without stifling growth.,1,76
Encouraging balanced trade policies can boost economic growth while protecting domestic interests.,1,98
Moderate approaches to social services should ensure support without excessive expenditure.,1,91
Effective governance balances economic growth with social responsibility and environmental stewardship.,2,103
Public policies should aim to ensure both economic vitality and social equity.,2,78
Balanced regulation should foster innovation while protecting public interests.,2,79
Governance should promote both economic progress and social inclusion.,2,70
Balanced economic policies should consider both short-term benefits and long-term sustainability.,2,97
Governance should balance market freedom with necessary regulatory oversight.,2,77
Effective policy-making should address both economic growth and social well-being.,2,82
Public policies should promote both individual opportunity and collective welfare.,2,82
Balanced governance should ensure both economic dynamism and social stability.,2,78
Effective governance should promote both technological progress and ethical considerations.,2,91
Economic strategies should focus on both competitiveness and inclusive growth.,2,78
Governance should balance economic incentives with public health protections.,2,77
Economic policies should support both innovation and equitable opportunities.,2,77
Balanced economic development should promote both progress and sustainability.,2,78
Governance should aim to balance economic growth with social justice.,2,69
Effective policies should address both market efficiency and social equity.,2,75
Economic strategies should ensure both growth and fair distribution of wealth.,2,78
Governance should promote both economic freedom and community welfare.,2,70
Balanced economic policies should support both competitiveness and social inclusion.,2,84
Governance should balance economic growth with environmental conservation.,2,74
Public policies should promote both economic efficiency and social welfare.,2,75
Balanced regulation should protect consumers while encouraging innovation.,2,74
Governance should promote both fiscal responsibility and social investment.,2,75
Economic policies should support growth while promoting environmental responsibility.,2,85
Balanced public policies should address both economic development and quality of life.,2,86
Governance should aim for both economic vitality and social equity.,2,67
Economic strategies should promote both competitiveness and social welfare.,2,75
Balanced public spending should support both infrastructure and social programs.,2,80
Effective governance should balance market dynamics with regulatory safeguards.,2,79
Economic policies should promote both growth and fair distribution of resources.,2,80
Balanced economic development should ensure both progress and equity.,2,69
Governance should promote both technological advancement and social responsibility.,2,83
Effective policy-making should consider both economic benefits and social impacts.,2,82
Economic strategies should ensure both growth and equitable access to opportunities.,2,84
Governance should balance economic incentives with environmental protections.,2,77
Public policies should promote both innovation and inclusive growth.,2,68
Balanced governance should address both economic opportunities and social justice.,2,82
Economic policies should support both competitiveness and environmental sustainability.,2,87
Balanced regulation should ensure market stability while protecting public interests.,2,85
Governance should aim for both economic progress and community well-being.,2,74
Economic strategies should focus on both competitiveness and equitable development.,2,83
Balanced public policies should consider both economic growth and social equity.,2,80
Economic policies should promote innovation while ensuring fair distribution of benefits.,2,89
Balanced economic strategies should enhance both growth and social inclusion.,2,77
Governance should promote both economic freedom and public welfare.,2,67
Balanced economic policies should support both innovation and social justice.,2,77
Moderate tax cuts can stimulate economic growth while maintaining essential public services.,1,92
Supporting clean energy development can enhance economic growth and environmental sustainability.,3,97
Fiscal responsibility involves balancing government spending with economic growth.,1,82
Moderate healthcare reforms should improve access while controlling costs.,3,74
Encouraging energy independence can enhance both economic security and sustainability.,3,86
Promoting vocational training can address skill gaps and boost employment opportunities.,1,88
Moderate regulation can ensure market stability while fostering innovation.,1,75
Balanced trade policies should protect domestic industries while promoting global competitiveness.,1,98
Public investment in education is crucial for long-term economic prosperity and social equity.,3,94
Investing in public health can lead to a healthier more productive society.,3,75
Moderate tax incentives can stimulate investment without reducing government revenue.,1,85
Promoting energy efficiency can reduce costs and enhance economic resilience.,1,77
Moderate social programs should provide a safety net without creating dependency.,1,81
Supporting clean energy research can boost economic growth and environmental sustainability.,3,92
Balanced fiscal policies should promote economic stability and sustainable growth.,1,82
Encouraging public health initiatives can improve overall quality of life.,3,74
Moderate increases in minimum wage can boost income without harming employment.,3,79
Promoting affordable housing initiatives can reduce economic disparities.,3,73
Balanced economic policies should enhance growth while ensuring fairness.,1,73
Moderate healthcare reforms should balance cost control with quality improvement.,3,81
Encouraging balanced urban development can enhance economic and social outcomes.,3,80
Supporting moderate increases in public spending can stimulate growth.,1,70
Moderate labor policies should protect workers while encouraging job creation.,1,78
Expanding social programs can provide support for vulnerable populations.,3,73
Supporting technological innovation can drive economic growth and improve quality of life.,1,90
Investing in renewable energy is crucial for long-term sustainability and economic growth.,3,90
Moderate fiscal policies should balance economic growth with responsible spending.,1,82
Promoting public health campaigns can improve community health and wellness.,3,76
Supporting renewable energy adoption can reduce carbon emissions and boost economic growth.,3,91
Balanced economic strategies should focus on growth and social equity.,1,70
Moderate environmental regulations can protect ecosystems while supporting economic activity.,3,93
Promoting public investment in green technology can drive innovation and sustainability.,3,88
Balanced fiscal discipline is crucial for long-term economic health.,1,68
Supporting clean energy initiatives can drive sustainable economic progress.,3,76
Moderate increases in public investment can enhance infrastructure and quality of life.,1,87
Encouraging moderate healthcare reforms can improve access and control costs.,3,77
Balanced economic policies should aim to enhance both growth and social equity.,1,79
Supporting balanced environmental policies can protect natural resources and promote economic activity.,3,103
Moderate tax reforms can enhance economic efficiency while maintaining essential services.,1,90
Supporting renewable energy development can create jobs and promote sustainability.,3,83
Fiscal responsibility involves prudent spending and investment in growth areas.,1,79
Moderate healthcare reforms should ensure affordability and improve quality.,3,76
Encouraging balanced energy policies can enhance both economic and environmental outcomes.,3,90
Promoting technical education can boost employment and meet industry needs.,1,75
Moderate regulation can balance economic growth with consumer protection.,1,73
Supporting green technology can drive sustainable economic development.,3,71
Balanced trade policies should support domestic growth and global integration.,1,78
Public investment in healthcare can improve social outcomes and economic productivity.,3,86
Encouraging moderate tax cuts can boost disposable income and stimulate spending.,1,81
Moderate environmental initiatives can protect resources and foster economic growth.,3,84
Supporting entrepreneurship is crucial for economic vitality and innovation.,1,76
Investing in public transportation can reduce congestion and promote sustainability.,3,84
Moderate tax incentives can encourage business investment and economic growth.,1,78
Expanding access to healthcare can enhance public health and economic stability.,3,80
Promoting energy efficiency can save costs and enhance economic competitiveness.,1,80
Moderate social safety nets should support those in need while encouraging self-reliance.,1,89
Supporting clean energy research can boost both economic and environmental benefits.,3,84
Balanced fiscal strategies should promote stability and long-term growth.,1,73
Encouraging public health measures can improve community well-being and productivity.,3,85
Moderate wage policies can raise incomes without negatively impacting employment.,3,81
Supporting infrastructure projects is key to economic growth and resilience.,1,76
Promoting affordable housing can reduce inequality and support economic growth.,3,79
Balanced economic policies should foster growth while ensuring equitable opportunities.,1,87
Moderate healthcare reforms should balance cost efficiency with access improvement.,3,83
Encouraging balanced development policies can enhance economic and social outcomes.,3,83
Supporting moderate public investment can drive growth and improve living standards.,1,84
Promoting renewable energy initiatives can reduce emissions and enhance economic growth.,3,88
Moderate labor policies should ensure fair wages and job creation.,1,66
Expanding social welfare can provide security for vulnerable populations.,3,73
Supporting technological progress can enhance economic growth and quality of life.,1,82
Investing in green infrastructure is essential for sustainable economic growth.,3,79
Moderate fiscal policies should balance growth with prudent financial management.,1,81
Promoting wellness programs can improve public health and economic productivity.,3,80
Encouraging moderate economic reforms can enhance efficiency and inclusivity.,1,77
Supporting clean energy adoption can drive innovation and environmental benefits.,3,81
Balanced economic strategies should enhance competitiveness and social welfare.,1,79
Moderate environmental protections can safeguard ecosystems while supporting growth.,3,84
Encouraging sustainable business practices can benefit both the economy and the environment.,1,92
Promoting investment in renewable resources can drive long-term economic sustainability.,3,88
Balanced fiscal discipline is crucial for economic resilience and growth.,1,73
Supporting green energy projects can create jobs and protect the environment.,3,77
Moderate increases in infrastructure spending can boost economic growth.,1,72
Encouraging healthcare reforms can improve access and control costs.,3,68
Supporting balanced innovation policies can drive economic and technological progress.,1,86
Promoting healthcare access is essential for reducing costs and improving outcomes.,3,83
Balanced economic policies should promote growth and social inclusivity.,1,72
Supporting moderate environmental policies can protect natural resources and enhance growth.,3,92
Moderate public safety initiatives should balance enforcement with community engagement.,1,88
Encouraging balanced trade and economic policies can enhance growth and stability.,1,82
